Title,Spotify
Breathe,Breathe
Smooth,Smooth (feat. Rob Thomas)
Maria Maria,Maria Maria (feat. The Product G&B)
I Wanna Know,I Wanna Know
Everything You Want,Everything You Want
Say My Name,Say My Name
I Knew I Loved You,I Knew I Loved You
Amazed,Amazed
Bent,Bent
He Wasn't Man Enough,He Wasn't Man Enough
Higher,Higher
Try Again,Try Again
"Jumpin', Jumpin'","Jumpin', Jumpin'"
Thong Song,Thong Song
Kryptonite,Kryptonite
There You Go,There You Go
Music,Music
Doesn't Really Matter,Doesn't Really Matter
What a Girl Wants,What a Girl Wants
Back at One,Back At One
Bye Bye Bye,Bye Bye Bye
You Sang to Me,You Sang To Me
I Need to Know,I Need to Know
Get It On Tonite,Get It On Tonite
Incomplete,Incomplete
I Try,I Try
It's Gonna Be Me,It's Gonna Be Me
That's the Way It Is,That's the Way It Is
Country Grammar (Hot Shit),Country Grammar (Hot Shit)
Bring It All to Me,Bring It All to Me - Single Version
Show Me the Meaning of Being Lonely,Show Me the Meaning of Being Lonely
Hot Boyz,Hot Boyz
Back Here,Back Here
It Feels So Good,It Feels So Good - Radio Edit
Absolutely (Story of a Girl),Absolutely (Story of a Girl) - Radio Mix
With Arms Wide Open,With Arms Wide Open
Be with You,Be With You
Come On Over Baby (All I Want Is You),Come on over Baby (All I Want Is You) - Radio Version
No More,No More
All the Small Things,All The Small Things
The Way You Love Me,The Way You Love Me - 2007 Remaster
I Turn to You,I Turn to You
Never Let You Go,Never Let You Go - 2008 Remaster
I Need You,I Need You
Thank God I Found You,Thank God I Found You (feat. Joe & 98°)
Let's Get Married,Let's Get Married
My Love Is Your Love,My Love Is Your Love
Then the Morning Comes,Then The Morning Comes
Blue (Da Ba Dee),Blue (Da Ba Dee) - Gabry Ponte Video Edit
Desert Rose,Desert Rose - Radio Edit
The Real Slim Shady,The Real Slim Shady
Most Girls,Most Girls
Wifey,Wifey - Radio Mix
Wonderful,Wonderful
Oops!... I Did It Again,Oops!...I Did It Again
I Wanna Love You Forever,I Wanna Love You Forever
Give Me Just One Night (Una Noche),Give Me Just One Night (Una Noche)
Take a Picture,Take a Picture - Radio Edit; 2009 Remastered Version
Otherside,Otherside
Big Pimpin',Big Pimpin'
Purest of Pain (A Puro Dolor),Purest of Pain - English Version
He Can't Love U,He Can't Love U
Separated,Separated
I Wish,I Wish
U Know What's Up,"U Know What's Up (feat. Lisa ""Left Eye"" Lopes)"
Faded,Faded
Only God Knows Why,Only God Knows Why
Shake Ya Ass,Shake Ya Ass (feat. Pharrell Williams)
Bag Lady,Bag Lady - Cheeba Sac Radio Edit
Meet Virginia,Meet Virginia
Party Up (Up in Here),Party Up
Case of the Ex (Whatcha Gonna Do),Case Of The Ex (Whatcha Gonna Do)
Forgot About Dre,Forgot About Dre
That's the Way,That's The Way
Swear It Again,Swear It Again - Radio Edit
The Next Episode,The Next Episode
From the Bottom of My Broken Heart,From the Bottom of My Broken Heart - Radio Edit - Remastered
Crash and Burn,Crash and Burn
Yes!,Yes!
The Best Day,The Best Day
Where I Wanna Be,Where I Wanna Be
How Do You Like Me Now?!,How Do You Like Me Now?!
My Best Friend,My Best Friend
Broadway,Broadway
What'chu Like,What'chu Like (feat. Tyrese)
Don't Think I'm Not,Don't Think I'm Not
I Hope You Dance,I Hope You Dance
Better Off Alone,Better Off Alone - 1999 Original Hit Radio
Dance with Me,Dance with Me
What About Now,What About Now
I Like It,I Like It
24/7,24/7
Girl on TV,Girl On TV
Bounce with Me,Bounce With Me (feat. Xscape) - Edited Album Version
Cowboy Take Me Away,Cowboy Take Me Away
I Don't Wanna,I Don't Wanna
Independent Women Part I,"Independent Women, Pt. 1"
Gotta Tell You,Gotta Tell You
Waiting for Tonight,Waiting for Tonight
Shackles (Praise You),Shackles (Praise You)
Hanging by a Moment,Hanging By A Moment
Fallin',Fallin'
All for You,All For You
Drops of Jupiter (Tell Me),Drops of Jupiter (Tell Me)
I'm Real (Murder Remix),I'm Real (feat. Ja Rule) - Murder Remix
If You're Gone,If You're Gone
Let Me Blow Ya Mind,Let Me Blow Ya Mind
Thank You,Thank You
Again,Again
Independent Women Part I,"Independent Women, Pt. 1"
Hit 'Em Up Style (Oops!),Hit 'Em up Style (Oops!) - Radio Mix
It Wasn't Me,It Wasn't Me
Stutter,Stutter (feat. Mystikal) - Double Take Remix
It's Been Awhile,It's Been Awhile
U Remind Me,U Remind Me
Where the Party At,Where the Party At (feat. Nelly) - LP Mix
Angel,Angel
Ride wit Me,Ride Wit Me
Follow Me,Follow Me
Peaches & Cream,Peaches & Cream
Drive,Drive
What Would You Do?,What Would You Do?
Survivor,Survivor
Lady Marmalade,"Lady Marmalade - From ""Moulin Rouge"" Soundtrack"
Ms. Jackson,Ms. Jackson
Love Don't Cost a Thing,Love Don't Cost a Thing
The Way You Love Me,The Way You Love Me - 2007 Remaster
He Loves U Not,He Loves You Not
Butterfly,Butterfly
Put It on Me,Put It On Me
Family Affair,Family Affair
I Hope You Dance,I Hope You Dance
South Side,South Side
Don't Tell Me,Don't Tell Me
Get Ur Freak On,Get Ur Freak On
Crazy,Crazy
Fill Me In,Fill Me In
Someone to Call My Lover,Someone To Call My Lover - Single Edit
With Arms Wide Open,With Arms Wide Open
Case of the Ex (Whatcha Gonna Do),Case Of The Ex (Whatcha Gonna Do)
All or Nothing,All or Nothing
Bootylicious,Bootylicious
I'm Like a Bird,I'm Like A Bird
Kryptonite,Kryptonite
Fiesta,"Fiesta (feat. Jay-Z, Boo & Gotti) - Remix"
When It's Over,When It's Over - Remastered
Jaded,Jaded
Promise,Promise
Missing You,Missing You
Differences,Differences
This I Promise You,This I Promise You - Radio Edit
Izzo (H.O.V.A.),Izzo (H.O.V.A.)
Superwoman Pt. II,"Superwoman, Pt. II Remix (feat. Fabolous)"
Crazy for This Girl,Crazy for This Girl
Nobody Wants to Be Lonely,Nobody Wants to Be Lonely (with Christina Aguilera)
I Just Wanna Love U (Give It 2 Me),I Just Wanna Love U (Give It 2 Me)
One Minute Man,One Minute Man (feat. Ludacris)
Danger (Been So Long),Danger (Been So Long) (feat. Nivea)
Only Time,Only Time - Remix
I Do!!,I Do!!
Never Had a Dream Come True,Never Had A Dream Come True
Stranger in My House,Stranger in My House
Irresistible,Irresistible
Heard It All Before,Heard It All Before
The Space Between,The Space Between
There You'll Be,There You'll Be
Love,Love
It's Over Now,It's Over Now
No More (Baby I'ma Do Right),No More (Baby I'ma Do Right)
Turn Off the Light,Turn Off The Light
Ain't Nothing 'bout You,Ain't Nothing 'Bout You
Play,Play
I'm Already There,I'm Already There
My Baby,My Baby
Beautiful Day,Beautiful Day
Austin,Austin
Southern Hospitality,Southern Hospitality (Featuring Pharrell)
Grown Men Don't Cry,Grown Men Don't Cry
Livin' It Up,Livin' It Up
Loverboy,Loverboy
Contagious,Contagious
Who I Am,Who I Am
Music,Music (feat. Marvin Gaye)
I Wanna Be Bad,I Wanna Be Bad
Don't Happen Twice,Don't Happen Twice
One More Day,One More Day
I Wish,I Wish
It's a Great Day to Be Alive,It's A Great Day To Be Alive
I'm a Thug,I'm a Thug
Here's to the Night,Here's to the Night
You Shouldn't Kiss Me Like This,You Shouldn't Kiss Me Like This
Get Over Yourself,Dance with Me
Dance with Me,"So Fresh, So Clean"
"So Fresh, So Clean",E.I.
E.I.,Be Like That
Be Like That,Most Girls
Most Girls,Oochie Wally - Remix
Oochie Wally,Hero
Hero,Hemorrhage (In My Hands)
Hemorrhage (In My Hands),How You Remind Me
How You Remind Me,Foolish
Foolish,Hot In Herre
Hot in Herre,Dilemma
Dilemma,Wherever You Will Go
Wherever You Will Go,A Thousand Miles
A Thousand Miles,In the End
In the End,What's Luv? (feat. Ja-Rule & Ashanti)
What's Luv?,U Got It Bad
U Got It Bad,Blurry - Radio Edit
Blurry,Complicated
Complicated,Always On Time
Always on Time,Ain't It Funny (feat. Ja Rule & Cadillac Tah) - Murder Remix
Ain't It Funny (Murder Remix),The Middle
The Middle,I Need a Girl (Pt. 1) [feat. Usher & Loon]
I Need a Girl (Part One),U Don't Have to Call
U Don't Have to Call,Family Affair
Family Affair,"I Need a Girl (Pt. 2) [feat. Loon, Ginuwine, Mario Winans]"
I Need a Girl (Part Two),Gangsta Lovin'
Gangsta Lovin',My Sacrifice
My Sacrifice,Without Me
Without Me,Hero
Hero,All You Wanted
All You Wanted,Get the Party Started
Get the Party Started,Hero (feat. Josey Scott)
Hero,Wasting My Time
Wasting My Time,One Last Breath
One Last Breath,"Whenever, Wherever"
"Whenever, Wherever",I'm Gonna Be Alright (feat. Nas)
I'm Gonna Be Alright,Oh Boy
Oh Boy,Heaven
Heaven,Hey Baby
Hey Baby,Girlfriend (feat. Nelly) - The Neptunes Remix
Girlfriend,Just a Friend 2002 - Radio Edit
Just a Friend 2002,Soak Up The Sun
Soak Up the Sun,Don't Let Me Get Me - Radio Edit
Don't Let Me Get Me,Nothin'
Nothin',Oops (Oh My) [feat. Missy Elliott]
Oops (Oh My),A Moment Like This
A Moment Like This,Addictive
Addictive,Happy
Happy,No Such Thing
No Such Thing,Just Like a Pill
Just Like a Pill,Down 4 U
Down 4 U,Can't Get You out of My Head
Can't Get You Out of My Head,Superman (It's Not Easy)
Superman (It's Not Easy),Cleanin' Out My Closet
Cleanin' Out My Closet,Halfcrazy
Halfcrazy,"Lights, Camera, Action!"
"Lights, Camera, Action!",Still Fly
Still Fly,A Woman's Worth
A Woman's Worth,7 Days
7 Days,Hey Ma
Hey Ma,Work It
Work It,Move Bitch
Move Bitch,Can't Fight The Moonlight - Graham Stack Radio Edit
Can't Fight the Moonlight,Escape
Escape,More Than A Woman
More Than A Woman,Hella Good
Hella Good,I Love You
I Love You,Gotta Get Thru This - D'N'D Radio Edit
Gotta Get thru This,Pass The Courvoisier Part II (feat. P. Diddy & Pharrell) - Remix
"Pass the Courvoisier, Part II",Lose Yourself
Lose Yourself,Butterflies
Butterflies,What About Us? - Radio Mix
What About Us?,Underneath Your Clothes
Underneath Your Clothes,Rainy Dayz
Rainy Dayz,Differences - Radio Edit
Differences,If I Could Go! (feat. Lil' Mo & Sacario)
If I Could Go!,The Whole World
The Whole World,Underneath It All
Underneath It All,Caramel
Caramel,Luv U Better
Luv U Better,Gimme the Light
Gimme the Light,Gone
Gone,Livin' It Up
Livin' It Up,Rollout (My Business)
Rollout (My Business),Here Is Gone
Here Is Gone,No More Drama
No More Drama,Days Go By - Radio Edit
Days Go By,Baby
Baby,The Good Stuff
The Good Stuff,We Thuggin' (feat. R. Kelly)
We Thuggin',Good Morning Beautiful
Good Morning Beautiful,Rock The Boat
Rock the Boat,Drive (For Daddy Gene)
Drive (For Daddy Gene),Standing Still
Standing Still,Anything (feat. Next)
Anything,Full Moon
Full Moon,Uh Huh
Uh Huh,A New Day Has Come - Radio Remix
A New Day Has Come,Turn Off The Light
Turn Off the Light,Living And Living Well
Living and Living Well,My List
My List,Hands Clean
Hands Clean,Sk8er Boi
Sk8er Boi,Long Time Gone
Long Time Gone,Where Were You (When the World Stopped Turning)
Where Were You (When the World Stopped Turning),Like I Love You
Like I Love You,I Do!!
I Do!!,In Da Club
In da Club,Ignition - Remix
Ignition,Get Busy
Get Busy,Crazy In Love (feat. Jay-Z)
Crazy in Love,When I'm Gone
When I'm Gone,Unwell
Unwell,Right Thurr
Right Thurr,Miss You
Miss You,Picture (feat. Sheryl Crow)
Picture,Bring Me To Life
Bring Me to Life,Get Low
Get Low,Baby Boy (feat. Sean Paul)
Baby Boy,Shake Ya Tailfeather (feat. P. Diddy & Murphy Lee) - 2016 Remaster
Shake Ya Tailfeather,21 Questions
21 Questions,All I Have (feat. LL Cool J)
All I Have,Beautiful
Beautiful,I Know What You Want (feat. Flipmode Squad)
I Know What You Want,I'm with You
I'm with You,Drift Away
Drift Away,Magic Stick
Magic Stick,P.I.M.P. - Snoop Dogg Remix
P.I.M.P.,"Bump, Bump, Bump (feat. P. Diddy)"
"Bump, Bump, Bump",Into You (feat. Tamia)
Into You,Can't Let You Go (feat. Mike Shorey & Lil' Mo)
Can't Let You Go,Mesmerize
Mesmerize,Where Is The Love?
Where Is the Love?,The Game of Love (feat. Michelle Branch) - Main / Radio Mix
The Game of Love,Lose Yourself
Lose Yourself,Rock Wit U (Awww Baby)
Rock wit U (Awww Baby),Cry Me a River
Cry Me a River,How You Gonna Act Like That
How You Gonna Act Like That,Rock Your Body
Rock Your Body,No Letting Go
No Letting Go,Frontin' (feat. Jay-Z) - Club Mix
Frontin',Landslide
Landslide,Work It
Work It,03' Bonnie & Clyde
'03 Bonnie & Clyde,Don't Mess With My Man (feat. Brian Casey & Brandon Casey)
Don't Mess with My Man,So Gone
So Gone,Air Force Ones
Air Force Ones,"Never Leave You (Uh Oooh, Uh Oooh)"
"Never Leave You (Uh Oooh, Uh Oooh)",Beautiful
Beautiful,Gossip Folks (feat. Ludacris)
Gossip Folks,Miss Independent
Miss Independent,Calling All Angels
Calling All Angels,Damn! (feat. Lil' Jon) - Club Mix
Damn!,This Is The Night
This Is the Night,Your Body Is a Wonderland
Your Body Is a Wonderland,Headstrong
Headstrong,In Those Jeans
In Those Jeans,Stand Up
Stand Up,The Remedy (I Won't Worry)
The Remedy (I Won't Worry),Why Don't You & I (feat. Alex Band) - Alt. Version
Why Don't You & I,Excuse Me Miss
Excuse Me Miss,Jenny from the Block (feat. Jadakiss & Styles P.) - Track Masters Remix
Jenny from the Block,Are You Happy Now?
Are You Happy Now?,Forever And For Always - Pop Red Edit
Forever and for Always,I Can
I Can,Underneath It All
Underneath It All,If You're Not The One
If You're Not the One,Thoia Thoing
Thoia Thoing,Here Without You
Here Without You,Wanksta
Wanksta,My Love Is Like...Wo
My Love Is Like...Wo,It's Five O'Clock Somewhere
It's Five O'Clock Somewhere,Like Glue
Like Glue,Can't Hold Us Down (feat. Lil' Kim)
Can't Hold Us Down,My Front Porch Looking In
My Front Porch Looking In,Angel
Angel,She Hates Me
She Hates Me,Don't Wanna Try
Don't Wanna Try,The Jump Off
The Jump Off,Intuition
Intuition,Hell Yeah - Radio Edit
Hell Yeah,Beer For My Horses
Beer for My Horses,Holidae In
Holidae In,Suga Suga
Suga Suga,Love Of My Life (An Ode To Hip Hop)
Love of My Life (An Ode to Hip-Hop),Fighter
Fighter,Thugz Mansion - 7 Remix
Thugz Mansion,Clocks - Radio Edit
Clocks,Put That Woman First
Put That Woman First,Rain On Me
Rain on Me,19 Somethin' - Greatest Hits Version
19 Somethin',"Can't Stop, Won't Stop"
"Can't Stop, Won't Stop",Red Dirt Road
Red Dirt Road,What Was I Thinkin'
What Was I Thinkin',Flying Without Wings
Flying Without Wings,Sing For The Moment
Sing for the Moment,Have You Forgotten?
Have You Forgotten?,"No Shoes, No Shirt, No Problems"
"No Shoes, No Shirt, No Problems",Come Over (feat. Tank)
Come Over,Sick Of Being Lonely
Sick of Being Lonely,Step in the Name of Love - Remix - Radio Edit
Step in the Name of Love,I Want You
I Want You,Like a Stone
Like a Stone,Don't Know Why
Don't Know Why,Superman
Superman,Real Good Man
Real Good Man,Say Yes
Say Yes,Yeah! (feat. Lil Jon & Ludacris)
Yeah!,Burn
Burn,If I Ain't Got You
If I Ain't Got You,This Love
This Love,The Way You Move (feat. Sleepy Brown)
The Way You Move,The Reason
The Reason,I Don't Wanna Know (feat. Enya & P. Diddy) - 2016 Remaster
I Don't Wanna Know,Hey Ya!
Hey Ya!,Goodies (feat. Petey Pablo)
Goodies,Lean Back
Lean Back,Tipsy - Club Mix
Tipsy,Confessions Part II
Confessions Part II,Slow Motion
Slow Motion,Freek-A-Leek
Freek-a-Leek,Here Without You
Here Without You,Slow Jamz (feat. Kanye West & Jamie Foxx)
Slow Jamz,Someday
Someday,Naughty Girl
Naughty Girl,My Immortal - Band Version
My Immortal,Sunshine (feat. Lea)
Sunshine,Dirt Off Your Shoulder
Dirt Off Your Shoulder,Move Ya Body - Radio Edit
Move Ya Body,Dip It Low - Feat. Fabolous
Dip It Low,My Boo
My Boo,One Call Away
One Call Away,"Me, Myself and I"
"Me, Myself and I",Turn Me On
Turn Me On,The First Cut Is The Deepest
The First Cut Is the Deepest,You Don't Know My Name - RADIO EDIT
You Don't Know My Name,My Place
My Place,Overnight Celebrity
Overnight Celebrity,Hotel (feat. R.Kelly)
Hotel,Numb
Numb,Diary (feat. Tony! Toni! Tone! & Jermaine Paul)
Diary,She Will Be Loved
She Will Be Loved,White Flag - Radio Edit
White Flag,Heaven
Heaven,It's My Life
It's My Life,Pieces Of Me
Pieces of Me,Leave (Get Out)
Leave (Get Out),Milkshake
Milkshake,Splash Waterfalls
Splash Waterfalls,Jesus Walks
Jesus Walks,Locked Up
Locked Up,Stand Up
Stand Up,Suga Suga
Suga Suga,All Falls Down
All Falls Down,Toxic
Toxic,Salt Shaker
Salt Shaker,With You
With You,Meant to Live
Meant to Live,I Like That
I Like That,Sorry 2004
Sorry 2004,My Happy Ending
My Happy Ending,On Fire
On Fire,Roses
Roses,Walked Outta Heaven
Walked Outta Heaven,Lose My Breath
Lose My Breath,My Band
My Band,I'm Still in Love with You (feat. Sasha)
I'm Still in Love with You,Through The Wire
Through the Wire,Why
Why?,Fuck It (I Don't Want You Back)
Fuck It (I Don't Want You Back),Read Your Mind
Read Your Mind,Game Over
Game Over (Flip),One Thing
One Thing,Headsprung
Headsprung,Damn! (feat. Lil' Jon) - Club Mix
Damn!,Baby Boy (feat. Sean Paul)
Baby Boy,Get Low
Get Low,Drop It Like It's Hot
Drop It Like It's Hot,U Should've Known Better
U Should've Known Better,On the Way Down
On the Way Down,Breakaway
Breakaway,Why Don't You & I (feat. Alex Band) - Alt. Version
Why Don't You & I,Are You Gonna Be My Girl
Are You Gonna Be My Girl,100 Years
100 Years,Step in the Name of Love - Remix - Radio Edit
Step in the Name of Love,Breaking the Habit
Breaking the Habit,Gigolo (feat. R. Kelly)
Gigolo,Live Like You Were Dying
Live Like You Were Dying,Remember When
Remember When,Everytime
Everytime,Southside
Southside,Dude
Dude,Wanna Get To Know You
Wanna Get to Know You,Holidae In
Holidae In,Let's Get It Started - Spike Mix
Let's Get It Started,When the Sun Goes Down
When the Sun Goes Down,American Soldier
American Soldier,Change Clothes
Change Clothes,Don't Tell Me
Don't Tell Me,You'll Think Of Me - Single Version
You'll Think of Me,Happy People - Radio Edit
Happy People,Hey Mama
Hey Mama,Over And Over
Over and Over,Redneck Woman
Redneck Woman,Just Lose It
Just Lose It,Letters from Home
Letters from Home,I Go Back
I Go Back,We Belong Together
We Belong Together,Hollaback Girl
Hollaback Girl,Let Me Love You
Let Me Love You,Since U Been Gone
Since U Been Gone,"One, Two Step (feat. Missy Elliott)"
"1, 2 Step",Gold Digger
Gold Digger,Boulevard of Broken Dreams
Boulevard of Broken Dreams,Candy Shop
Candy Shop,Don't Cha
Don't Cha,Behind These Hazel Eyes
Behind These Hazel Eyes,Disco Inferno
Disco Inferno,You And Me
You and Me,Don't Phunk With My Heart
Don't Phunk with My Heart,Lose Control (feat. Ciara & Fat Man Scoop)
Lose Control,Shake It Off - Radio Mix
Shake It Off,Mr. Brightside
Mr. Brightside,Just A Lil Bit
Just a Lil Bit,Pon de Replay
Pon de Replay,How We Do
How We Do,Beverly Hills
Beverly Hills,Oh (feat. Ludacris)
Oh,Lonely No More
Lonely No More,Drop It Like It's Hot
Drop It Like It's Hot,Hate It Or Love It
Hate It or Love It,Lovers And Friends
Lovers & Friends,Soldier
Soldier,Breakaway
Breakaway,Switch
Switch,Let Me Hold You (feat. Omarion)
Let Me Hold You,Like You (feat. Ciara)
Like You,Rich Girl
Rich Girl,My Humps - Single Version
My Humps,Obsesion (No Es Amor) (feat. Baby Bash)
Obsession (No Es Amor),Caught Up
Caught Up,Listen to Your Heart - Furious F. EZ Radio Edit
Listen to Your Heart,Scars
Scars,Feel Good Inc.
Feel Good Inc.,Let Me Go - Rock Version
Let Me Go,Holiday
Holiday,"Sugar, We're Goin Down"
"Sugar, We're Goin Down",Grind With Me
Grind with Me,Run It! (feat. Juelz Santana)
Run It!,Photograph
Photograph,Lonely
Lonely,Collide - Chris Lord-Alge Mix aka Radio Edit
Collide,Wake Me up When September Ends
Wake Me Up When September Ends,"Slow Down - 12"" Version"
Slow Down,Over And Over
Over and Over,Some Cut (feat. Cutty)
Some Cut,Get It Poppin' (feat. Nelly) - Serban Main 4/20/05
Get It Poppin',Play
Play,Soul Survivor
Soul Survivor,Pimpin' All Over The World
Pimpin' All Over the World,My Boo
My Boo,"Sugar (Gimme Some) [feat. Ludacris, Lil Kim, and Cee-Lo] - Main"
Sugar (Gimme Some),Karma
Karma,Speed of Sound
Speed of Sound,I Don't Want to Be
I Don't Want to Be,Mockingbird
Mockingbird,La Tortura (feat. Alejandro Sanz)
La Tortura,She Will Be Loved
She Will Be Loved,"Baby, I'm Back"
Baby I'm Back,Wait (The Whisper Song)
Wait (The Whisper Song),Incomplete
Incomplete,Bring Em Out
Bring Em Out,Cater 2 U
Cater 2 U,1 Thing - Radio Edit
1 Thing,Best of You
Best of You,It's Like That
It's Like That,Goin' Crazy - Radio Version
Goin' Crazy,Inside Your Heaven (Bonus Track)
Inside Your Heaven,Because of You
Because of You,Truth Is
Truth Is,Your Body
Your Body,Beautiful Soul
Beautiful Soul,Cool
Cool,Get Back
Get Back,Outta Control - Remix
Outta Control,U Don't Know Me
U Don't Know Me,These Words
These Words,Don't Lie
Don't Lie,Get Right
Get Right,Daughters
Daughters,As Good As I Once Was
As Good as I Once Was,Girlfight
Girlfight,Lose My Breath
Lose My Breath,Ordinary People
Ordinary People,We Be Burnin'
We Be Burnin',Just the Girl - Radio Edit
Just the Girl,True
True,O
O,Back Then
Back Then,Numb / Encore
Numb/Encore,Wonderful
Wonderful,I'm Sprung
I'm Sprung,Chariot
Chariot,U Already Know
U Already Know,Mississippi Girl
Mississippi Girl,Number One Spot
Number One Spot,Give Me That
Give Me That,Bad Day
Bad Day,Temperature
Temperature,Promiscuous
Promiscuous,You're Beautiful
You're Beautiful,Hips Don't Lie (feat. Wyclef Jean)
Hips Don't Lie,Unwritten
Unwritten,Crazy
Crazy,Ridin'
Ridin',SexyBack (feat. Timbaland)
SexyBack,Check On It
Check on It,Be Without You - Kendu Mix
Be Without You,Grillz
Grillz,Over My Head (Cable Car)
Over My Head (Cable Car),Me & U
Me & U,Buttons - Featuring Big Snoop Dogg
Buttons,Run It! (feat. Juelz Santana)
Run It!,So Sick
So Sick,It's Goin' Down (feat. Nitti)
It's Goin' Down,SOS
SOS,I Write Sins Not Tragedies
I Write Sins Not Tragedies,Move Along
Move Along,London Bridge
London Bridge,Dani California
Dani California,Snap Yo Fingers
Snap Yo Fingers,"Lean Wit It, Rock Wit It"
"Lean wit It, Rock wit It",What Hurts The Most
What Hurts the Most,How to Save a Life
How to Save a Life,Unfaithful
Unfaithful,Chasing Cars
Chasing Cars,Lips Of An Angel
Lips of an Angel,Everytime We Touch
Everytime We Touch,Ain't No Other Man
Ain't No Other Man,"Dance, Dance"
"Dance, Dance",Gold Digger
Gold Digger,Money Maker
Money Maker,Ms. New Booty
Ms. New Booty,(When You Gonna) Give It Up to Me (feat. Keyshia Cole) - Radio Version
(When You Gonna) Give It Up to Me,Photograph
Photograph,Because of You
Because of You,Stickwitu
Stickwitu,I'm N Luv (Wit a Stripper) (feat. Mike Jones)
I'm 'n Luv (wit a Stripper),My Humps - Single Version
My Humps,Where'd You Go (feat. Holly Brook & Jonah Matranga) - Single Version
Where'd You Go,Yo (Excuse Me Miss)
Yo (Excuse Me Miss),Walk Away (Album Version)
Walk Away,Laffy Taffy
Laffy Taffy,What You Know
What You Know,Dirty Little Secret
Dirty Little Secret,Savin' Me
Savin' Me,Don't Forget About Us - Radio Edit
Don't Forget About Us,Sexy Love
Sexy Love,U and Dat (feat. T. Pain & Kandi Girl)
U and Dat,Far Away
Far Away,What's Left Of Me
What's Left of Me,So What
So What,Do It To It
Do It to It,Black Horse And The Cherry Tree
Black Horse and the Cherry Tree,There It Go (The Whistle Song)
There It Go (The Whistle Song),Shoulder Lean (feat. T.I.)
Shoulder Lean,Unpredictable (feat. Ludacris) - Main
Unpredictable,My Love (feat. T.I.) - Single Version
My Love,Shake That
Shake That,Pullin' Me Back
Pullin' Me Back,Bossy Featuring Too $hort (feat. Too $hort)
Bossy,Chain Hang Low
Chain Hang Low,Smack That
Smack That,One Wish
One Wish,"Sugar, We're Goin Down"
"Sugar, We're Goin Down",Gimme That Remix (feat. Lil' Wayne)
Gimme That,"I Know You See It (feat. Brandy ""Ms. B"" Hambrick)"
I Know You See It,Who Says You Can't Go Home
Who Says You Can't Go Home,Too Little Too Late
Too Little Too Late,Touch It
Touch It,Rompe
Rompe,Deja Vu (feat. Jay-Z)
Déjà Vu,Life is a Highway
Life Is a Highway,Call Me When You're Sober
Call Me When You're Sober,"Jesus, Take the Wheel"
"Jesus, Take the Wheel",Show Stopper
Show Stopper,Get Up (feat. Chamillionaire)
Get Up,We Be Burnin'
We Be Burnin',Hate Me
Hate Me,You And Me
You and Me,Beep
Beep,I Think They Like Me - Remix
I Think They Like Me,Say Goodbye
Say Goodbye,Waiting On the World to Change
Waiting on the World to Change,Soul Survivor
Soul Survivor,Pump It
Pump It,When I'm Gone
When I'm Gone,Hung Up
Hung Up,Stay Fly
Stay Fly,Love
Love,When You're Mad
When You're Mad,Why You Wanna
Why You Wanna,Stupid Girls
Stupid Girls,Feel Good Inc.
Feel Good Inc.,I'm Sprung
I'm Sprung,Do I Make You Proud
Do I Make You Proud,For You I Will (Confidence) - Single Version
For You I Will (Confidence),Irreplaceable
Irreplaceable,Umbrella
Umbrella,The Sweet Escape
The Sweet Escape,Big Girls Don't Cry (Personal)
Big Girls Don't Cry,Buy U a Drank (Shawty Snappin') (feat. Yung Joc)
Buy U a Drank (Shawty Snappin'),Before He Cheats
Before He Cheats,Hey There Delilah
Hey There Delilah,I Wanna Love You
I Wanna Love You,Say It Right
Say It Right,Glamorous
Glamorous,Don't Matter
Don't Matter,Girlfriend
Girlfriend,Makes Me Wonder
Makes Me Wonder,Party Like A Rock Star
Party Like a Rockstar,Smack That
Smack That,This Is Why I'm Hot
This Is Why I'm Hot,It's Not Over
It's Not Over,The Way I Are
The Way I Are,Fergalicious
Fergalicious,Crank That (Soulja Boy)
Crank That (Soulja Boy),Give It To Me
Give It to Me,What Goes Around...Comes Around - Radio Edit
What Goes Around... Comes Around,Cupid's Chokehold / Breakfast in America - Radio Mix
Cupid's Chokehold,How to Save a Life
How to Save a Life,Home
Home,My Love (feat. T.I.) - Single Version
My Love,Stronger
Stronger,We Fly High
We Fly High,U + Ur Hand
U + Ur Hand,Walk It Out
Walk It Out,Beautiful Girls
Beautiful Girls,"This Ain't A Scene, It's An Arms Race"
"This Ain't a Scene, It's an Arms Race",Bartender (feat. Akon)
Bartender,"Pop, Lock & Drop It"
"Pop, Lock & Drop It",Runaway Love
Runaway Love,Rockstar
Rockstar,Thnks fr th Mmrs
Thnks fr th Mmrs,What I've Done
What I've Done,Summer Love
Summer Love,You
You,Wait for You
Wait for You,Last Night (feat. Keyshia Cole) - Radio Edit
Last Night,Make It Rain
Make It Rain,Make Me Better
Make Me Better,Ice Box
Ice Box,Lips Of An Angel
Lips of an Angel,Waiting On the World to Change
Waiting on the World to Change,Lost Without U
Lost Without U,I'm a Flirt Remix (feat. T.I. & T-Pain)
I'm a Flirt,If Everyone Cared
If Everyone Cared,Get It Shawty
Get It Shawty,Face Down
Face Down,The Way I Live
The Way I Live,Shortie Like Mine (feat. Chris Brown & Johntá Austin)
Shortie Like Mine,It Ends Tonight
It Ends Tonight,A Bay Bay - Single Version
A Bay Bay,Because Of You
Because of You,I Tried
I Tried,Welcome to the Black Parade
Welcome To The Black Parade,Shawty (feat. T Pain)
Shawty,Chasing Cars
Chasing Cars,Beautiful Liar
Beautiful Liar,SexyBack (feat. Timbaland)
SexyBack,Keep Holding On
Keep Holding On,Let It Go
Let It Go,Apologize
Apologize,Bubbly
Bubbly,Like a Boy
Like a Boy,Who Knew
Who Knew,Never Again
Never Again,Promise
Promise,Bed
Bed,Throw Some D's
Throw Some D's,Rehab
Rehab,Big S**t Poppin' [Do It]
Big Shit Poppin' (Do It),No One
No One,The Great Escape
The Great Escape,2 Step
2 Step,Walk Away (Remember Me) (feat. The DEY)
Walk Away (Remember Me),Go Getta
Go Getta,Here (In Your Arms)
Here (In Your Arms),On the Hotline
On the Hotline,Wind It Up
Wind It Up,Cyclone (feat. T-Pain) - Main
Cyclone,Break It Off
Break It Off,First Time
First Time,Ayo Technology
Ayo Technology,Outta My System (feat. T-Pain & Johntá Austin)
Outta My System,Teardrops On My Guitar - Radio Single Remix
Teardrops on My Guitar,Shut Up And Drive
Shut Up and Drive,Snow (Hey Oh)
Snow (Hey Oh),Money Maker
Money Maker,Kiss Kiss (feat. T-Pain)
Kiss Kiss,Far Away
Far Away,Rock Yo Hips
Rock Yo Hips,LoveStoned / I Think She Knows - Radio Edit
LoveStoned,Better Than Me
Better than Me,Paralyzer
Paralyzer,That's That Shit
That's That,Same Girl (with Usher)
Same Girl,Low (feat. T-Pain)
Low,Bleeding Love
Bleeding Love,No One
No One,Lollipop
Lollipop,Apologize
Apologize,No Air (feat. Chris Brown)
No Air,Love Song - Radio Edit
Love Song,Love In This Club (feat. Young Jeezy)
Love in This Club,With You
With You,Forever
Forever,Sexy Can I (feat. Yung Berg)
Sexy Can I,Take A Bow
Take a Bow,Viva La Vida
Viva la Vida,I Kissed A Girl
I Kissed a Girl,Whatever You Like
Whatever You Like,Disturbia
Disturbia,Don't Stop The Music
Don't Stop the Music,Pocketful of Sunshine
Pocketful of Sunshine,Kiss Kiss (feat. T-Pain)
Kiss Kiss,Closer
Closer,Bubbly
Bubbly,Touch My Body
Touch My Body,4 Minutes (feat. Justin Timberlake and Timbaland)
4 Minutes,So What
So What,Paralyzer
Paralyzer,Clumsy
Clumsy,I'm Yours
I'm Yours,Leavin'
Leavin',Dangerous - Main (Explicit Version)
Dangerous,Tattoo
Tattoo,See You Again
See You Again,Shake It - Radio Mix
Shake It,Stop And Stare
Stop and Stare,Take You There
Take You There,Paper Planes
Paper Planes,Hot N Cold
Hot n Cold,Live Your Life
Live Your Life,"Bust It Baby, Pt. 2 (feat. Ne-Yo)"
Bust It Baby (Part 2),American Boy
American Boy,Got Money
Got Money,Our Song
Our Song,Damaged
Damaged,A Milli
A Milli,Sorry
Sorry,Independent (feat. Lil' Boosie and Lil' Phat)
Independent,Can't Believe It (feat. Lil' Wayne)
Can't Believe It,Like You'll Never See Me Again
Like You'll Never See Me Again,Teardrops On My Guitar - Radio Single Remix
Teardrops on My Guitar,When I Grow Up
When I Grow Up,Sexual Eruption - Album Version (Explicit) FINAL
Sexual Eruption,What You Got
What You Got,It's Not My Time
It's Not My Time,Better in Time - Single Mix
Better in Time,Crank That (Soulja Boy)
Crank That (Soulja Boy),Shadow Of The Day
Shadow of the Day,"Sweetest Girl (Dollar Bill) (feat. Akon, Lil' Wayne & Niia)"
Sweetest Girl (Dollar Bill),Miss Independent
Miss Independent,Fall For You
Fall for You,In the Ayer (feat. will.I.am)
In the Ayer,Say
Say,One Step At a Time
One Step at a Time,Hate That I Love You
Hate That I Love You,Superstar (feat. Matthew Santos)
Superstar,Suffocate
Suffocate,Let It Rock
Let It Rock,Get Like Me
Get Like Me,Realize
Realize,Put On
Put On,The Time of My Life
The Time of My Life,"Lolli Lolli (Pop That Body) (feat. Project Pat, Young D & Superpower) - Explicit Album Version"
Lolli Lolli (Pop That Body),Cyclone (feat. T-Pain) - Main
Cyclone,Love Like This (feat. Sean Kingston)
Love Like This,Burnin' Up
Burnin' Up,Love Lockdown
Love Lockdown,I Luv Your Girl
I Luv Your Girl,Crush
Crush,Hypnotized (feat. Akon)
Hypnotized,Big Girls Don't Cry (Personal)
Big Girls Don't Cry,Good Life
Good Life,Womanizer
Womanizer,Love Story
Love Story,Just Fine
Just Fine,Piece of Me
Piece of Me,The Boss
The Boss,All Summer Long
All Summer Long,Can't Help but Wait
Can't Help but Wait,In Love With a Girl
In Love with a Girl,My Life
My Life,I Remember
I Remember,Flashing Lights
Flashing Lights,Mrs. Officer
Mrs. Officer,7 Things - Single Version
7 Things,You're Gonna Miss This
You're Gonna Miss This,Love Remains The Same
Love Remains the Same,Feels Like Tonight
Feels Like Tonight,The Way I Are
The Way I Are,Addicted
Addicted,Into the Night (feat. Chad Kroeger)
Into the Night,Heaven Sent
Heaven Sent,She Got It
She Got It,Boom Boom Pow
Boom Boom Pow,Poker Face
Poker Face,Just Dance
Just Dance,I Gotta Feeling
I Gotta Feeling,Love Story
Love Story,Right Round
Right Round,I'm Yours
I'm Yours,Single Ladies (Put a Ring on It)
Single Ladies (Put a Ring on It),Heartless
Heartless,Gives You Hell
Gives You Hell,You Belong With Me
You Belong with Me,Dead And Gone
Dead and Gone,You Found Me
You Found Me,Use Somebody
Use Somebody,Knock You Down
Knock You Down,Blame It
Blame It,I Know You Want Me (Calle Ocho)
I Know You Want Me (Calle Ocho),Live Your Life
Live Your Life,Kiss Me Thru The Phone
Kiss Me thru the Phone,Down
Down,The Climb
The Climb,Best I Ever Had
Best I Ever Had,My Life Would Suck Without You
My Life Would Suck Without You,Halo
Halo,Hot N Cold
Hot n Cold,Second Chance
Second Chance,Circus
Circus,Day 'N' Nite (nightmare)
Day 'n' Nite,Party In The U.S.A.
Party in the U.S.A.,DONTTRUSTME
Don't Trust Me,Run This Town
Run This Town,Let It Rock
Let It Rock,Fire Burning
Fire Burning,Whatcha Say
Whatcha Say,LoveGame
LoveGame,Waking Up In Vegas
Waking Up in Vegas,Birthday Sex
Birthday Sex,Sober
Sober,Womanizer
Womanizer,Whatever You Like
Whatever You Like,Obsessed
Obsessed,Mad
Mad,Good Girls Go Bad (feat. Leighton Meester)
Good Girls Go Bad,Love Lockdown
Love Lockdown,So What
So What,Hotel Room Service
Hotel Room Service,Crack A Bottle
Crack a Bottle,If I Were a Boy
If I Were a Boy,Turnin Me On - Original Dirty
Turnin Me On,I Hate This Part
I Hate This Part,Gotta Be Somebody
Gotta Be Somebody,Please Don't Leave Me
Please Don't Leave Me,Paparazzi
Paparazzi,Beautiful
Beautiful,Viva La Vida
Viva la Vida,Right Now (Na Na Na)
Right Now (Na Na Na),Battlefield
Battlefield,Sugar (feat. Wynter)
Sugar,Miss Independent
Miss Independent,Fireflies
Fireflies,New Divide
New Divide,Empire State Of Mind
Empire State of Mind,No Surprise
No Surprise,She Wolf
She Wolf,Break Up
Break Up,Sweet Dreams
Sweet Dreams,Every Girl
Every Girl,Fallin' For You
Fallin' for You,Untouched
Untouched,If Today Was Your Last Day
If Today Was Your Last Day,Throw It In The Bag
Throw It in the Bag,Love Drunk
Love Drunk,I Love College
I Love College,If U Seek Amy
If U Seek Amy,Big Green Tractor
Big Green Tractor,White Horse
White Horse,Disturbia
Disturbia,21 Guns
21 Guns,Turn My Swag On
Turn My Swag On,Rockin' That Shit
Rockin' That Thang,Chicken Fried
Chicken Fried,Diva
Diva,Replay
Replay,Then
Then,Her Diamonds
Her Diamonds,How Do You Sleep? - Radio Edit Remix
How Do You Sleep?,3
3,Forever
Forever,One Time
One Time,I Run To You
I Run to You,I Do Not Hook Up
I Do Not Hook Up,Green Light (feat. André 3000)
Green Light,People Are Crazy
People Are Crazy,Whatever It Is
Whatever It Is,Already Gone
Already Gone,Goodbye
Goodbye,Say Hey (I Love You)
Say Hey (I Love You),Pop Champagne (feat. Juelz Santana) - Explicit Album Version
Pop Champagne,Pretty Wings
Pretty Wings,Never Say Never
Never Say Never,TiK ToK
Tik Tok,Need You Now
Need You Now,"Hey, Soul Sister"
"Hey, Soul Sister",California Gurls
California Gurls,OMG (feat. will.i.am)
OMG,Airplanes (feat. Hayley Williams of Paramore)
Airplanes,Love The Way You Lie
Love the Way You Lie,Bad Romance
Bad Romance,Dynamite
Dynamite,Break Your Heart
Break Your Heart,Nothin' on You (feat. Bruno Mars)
Nothin' on You,I Like It
I Like It,BedRock
BedRock,In My Head
In My Head,Rude Boy
Rude Boy,Telephone
Telephone,Teenage Dream
Teenage Dream,Just the Way You Are
Just the Way You Are,Cooler Than Me - Single Mix
Cooler Than Me,Imma Be
Imma Be,Empire State Of Mind
Empire State of Mind,DJ Got Us Fallin' In Love (feat. Pitbull)
DJ Got Us Fallin' in Love,Billionaire (feat. Bruno Mars)
Billionaire,Not Afraid
Not Afraid,Replay
Replay,Sexy Bitch (feat. Akon)
Sexy Bitch,Breakeven
Breakeven,Your Love Is My Drug
Your Love Is My Drug,I Gotta Feeling
I Gotta Feeling,Fireflies
Fireflies,Say Aah (feat. Fabolous)
Say Aah,Find Your Love
Find Your Love,Alejandro
Alejandro,Ridin' Solo
Ridin' Solo,Just A Dream
Just a Dream,How Low
How Low,Like A G6
Like a G6,Carry Out (Featuring Justin Timberlake)
Carry Out,Haven't Met You Yet
Haven't Met You Yet,Club Can't Handle Me (feat. David Guetta) - From the Step Up 3D Soundtrack
Club Can't Handle Me,Down
Down,Bulletproof
Bulletproof,Whatcha Say
Whatcha Say,Baby
Baby,Whataya Want from Me
Whataya Want from Me,Mine
Mine,Only Girl (In The World)
Only Girl (In the World),Live Like We're Dying
Live Like We're Dying,Hard
Hard,Young Forever
Young Forever,Blah Blah Blah (feat. 3OH!3)
Blah Blah Blah,Bottoms Up (feat. Nicki Minaj)
Bottoms Up,Do You Remember
Do You Remember,All The Right Moves
All the Right Moves,According To You
According to You,My Chick Bad
My Chick Bad,You Belong With Me
You Belong with Me,Meet Me Halfway
Meet Me Halfway,Take It Off
Take It Off,Over
Over,Animal
Animal,Misery
Misery,Magic (feat. Rivers Cuomo)
Magic,Paparazzi
Paparazzi,Tie Me Down (feat. Ray J)
Tie Me Down,Your Love
Your Love,Party In The U.S.A.
Party in the U.S.A.,Deuces (feat. Tyga & Kevin McCall)
Deuces,3
3,Impossible
Impossible,Forever
Forever,Two Is Better Than One (feat. Taylor Swift)
Two Is Better Than One,My First Kiss (feat. Ke$ha)
My First Kiss,Already Gone
Already Gone,Rock That Body
Rock That Body,Secrets
Secrets,Naturally
Naturally,Un-thinkable (I'm Ready)
Un-Thinkable (I'm Ready),All I Do Is Win
All I Do Is Win,I Made It (Cash Money Heroes)
I Made It (Cash Money Heroes),Stuck Like Glue
Stuck Like Glue,Hey Daddy (Daddy's Home) (feat. Plies)
Hey Daddy (Daddy's Home),There Goes My Baby
There Goes My Baby,Today Was A Fairytale
Today Was a Fairytale,Say Something (Featuring Drake)
Say Something,Sweet Dreams
Sweet Dreams,Use Somebody
Use Somebody,Undo It
Undo It,Eenie Meenie
Eenie Meenie,Right Above It
Right Above It,The House That Built Me
The House That Built Me,If I Die Young
If I Die Young,The Only Exception
The Only Exception,American Honey
American Honey,King of Anything - Radio Mix
King of Anything,Life After You
Life After You,Smile
Smile,Teach Me How to Dougie
Teach Me How to Dougie,Try Sleeping with a Broken Heart
Try Sleeping with a Broken Heart,"Lover, Lover"
"Lover, Lover",Rolling in the Deep
Rolling in the Deep,Party Rock Anthem
Party Rock Anthem,Firework
Firework,E.T.
E.T.,"Give Me Everything (feat. Ne-Yo, Afrojack & Nayer)"
Give Me Everything,Grenade
Grenade,Fuck You
F**K You (Forget You),Super Bass
Super Bass,Moves Like Jagger
Moves like Jagger,Just Can’t Get Enough
Just Can't Get Enough,On The Floor - Radio Edit
On the Floor,S&M
S&M,Pumped Up Kicks
Pumped Up Kicks,Last Friday Night (T.G.I.F.)
Last Friday Night (T.G.I.F.),Just the Way You Are
Just the Way You Are,Tonight (I'm Fuckin' You)
Tonight (I'm Lovin' You),Raise Your Glass
Raise Your Glass,Born This Way
Born This Way,F**kin' Perfect
F**kin' Perfect,What's My Name?
What's My Name?,Look At Me Now (feat. Lil' Wayne & Busta Rhymes)
Look at Me Now,Down On Me
Down on Me,How To Love
How to Love,Someone Like You
Someone Like You,Good Life
Good Life,The Lazy Song
The Lazy Song,Till the World Ends
Till the World Ends,The Show Goes On
The Show Goes On,The Edge Of Glory
The Edge of Glory,We R Who We R
We R Who We R,Black and Yellow
Black and Yellow,Tonight Tonight
Tonight Tonight,Blow
Blow,Lighters
Lighters,If I Die Young
If I Die Young,Stereo Hearts (feat. Adam Levine)
Stereo Hearts,The Time (Dirty Bit)
The Time (Dirty Bit),Coming Home
Coming Home,Hey Baby (Drop It to the Floor) (feat. T-Pain)
Hey Baby (Drop It to the Floor),Only Girl (In The World)
Only Girl (In the World),6 Foot 7 Foot
6 Foot 7 Foot,Just A Kiss
Just a Kiss,Dirt Road Anthem
Dirt Road Anthem,Dynamite
Dynamite,No Hands (feat. Roscoe Dash & Wale)
No Hands,I Wanna Go
I Wanna Go,I'm On One
I'm on One,You Make Me Feel... (feat. Sabi)
You Make Me Feel...,Yeah 3x
Yeah 3x,Moment 4 Life
Moment 4 Life,I Need A Doctor
I Need a Doctor,Just A Dream
Just a Dream,Motivation
Motivation,Stereo Love - Original
Stereo Love,Jar of Hearts
Jar of Hearts,Roll Up
Roll Up,Sexy And I Know It
Sexy and I Know It,Rocketeer
Rocketeer,All Of The Lights
All of the Lights,Hold It Against Me
Hold It Against Me,More - RedOne Jimmy Joker Remix
More,What the Hell
What the Hell,Written in the Stars (feat. Eric Turner)
Written in the Stars,Bottoms Up (feat. Nicki Minaj)
Bottoms Up,DJ Got Us Fallin' In Love (feat. Pitbull)
DJ Got Us Fallin' in Love,For the First Time
For the First Time,Honey Bee
Honey Bee,Don't You Wanna Stay (with Kelly Clarkson)
Don't You Wanna Stay,We Found Love
We Found Love,Pretty Girl Rock
Pretty Girl Rock,You And I
Yoü and I,Like A G6
Like a G6,Without You (feat. Usher)
Without You,Back To December
Back to December,Teenage Dream
Teenage Dream,Crazy Girl
Crazy Girl,Cheers (Drink To That)
Cheers (Drink to That),Who Says
Who Says,Barefoot Blue Jean Night
Barefoot Blue Jean Night,Knee Deep (feat. Jimmy Buffett)
Knee Deep,Country Girl (Shake It For Me)
Country Girl (Shake It for Me),Remind Me (with Carrie Underwood)
Remind Me,In The Dark
In the Dark,Backseat (feat. The Cataracs & Dev)
Backseat,Headlines
Headlines,Best Thing I Never Had
Best Thing I Never Had,Don't Wanna Go Home
Don't Wanna Go Home,Where Them Girls At (feat. Nicki Minaj & Flo Rida)
Where Them Girls At,She Ain't You
She Ain't You,Take A Back Road
Take a Back Road,Please Don't Go
Please Don't Go,Sure Thing
Sure Thing,Price Tag
Price Tag,God Gave Me You
God Gave Me You,She Will
She Will,Are You Gonna Kiss Me Or Not
Are You Gonna Kiss Me or Not,Animal
Animal,You and Tequila (feat. Grace Potter)
You and Tequila,Colder Weather
Colder Weather,My Last
My Last,Somebody That I Used To Know
Somebody That I Used to Know,Call Me Maybe
Call Me Maybe,We Are Young (feat. Janelle Monáe)
We Are Young,Payphone
Payphone,Lights - Single Version
Lights,Glad You Came
Glad You Came,Stronger (What Doesn't Kill You)
Stronger (What Doesn't Kill You),We Found Love
We Found Love,Starships
Starships,What Makes You Beautiful
What Makes You Beautiful,Wild Ones (feat. Sia)
Wild Ones,Set Fire to the Rain
Set Fire to the Rain,Sexy And I Know It
Sexy and I Know It,Some Nights
Some Nights,Wide Awake
Wide Awake,Good Feeling
Good Feeling,Whistle
Whistle,One More Night
One More Night,Drive By
Drive By,The Motto
The Motto,Where Have You Been
Where Have You Been,Everybody Talks
Everybody Talks,Take Care
Take Care,Titanium (feat. Sia)
Titanium,I Won't Give Up
I Won't Give Up,It Will Rain
It Will Rain,Mercy
Mercy,Boyfriend
Boyfriend,Party Rock Anthem
Party Rock Anthem,Too Close
Too Close,Part Of Me
Part of Me,"Young, Wild & Free (feat. Bruno Mars)"
"Young, Wild & Free",We Are Never Ever Getting Back Together
We Are Never Ever Getting Back Together,As Long As You Love Me
As Long as You Love Me,Turn Me On (feat. Nicki Minaj)
Turn Me On,Moves Like Jagger
Moves like Jagger,Blow Me (One Last Kiss)
Blow Me (One Last Kiss),Good Time
Good Time,Give Your Heart a Break
Give Your Heart a Break,Ni**as In Paris
Niggas in Paris,The One That Got Away
The One That Got Away,Feel So Close - Radio Edit
Feel So Close,Someone Like You
Someone like You,Scream
Scream,Rack City
Rack City,Domino
Domino,Gangnam Style (강남스타일)
Gangnam Style,International Love (feat. Chris Brown)
International Love,Home
Home,Without You (feat. Usher)
Without You,Ass Back Home (feat. Neon Hitch)
Ass Back Home,Wanted
Wanted,Drunk On You
Drunk on You,No Lie
No Lie,Want U Back
Want U Back,Don't Wake Me Up
Don't Wake Me Up,Dance (A$$) Remix
Dance (A$$),Springsteen
Springsteen,Brokenhearted
Brokenhearted,Not Over You
Not Over You,Stereo Hearts (feat. Adam Levine)
Stereo Hearts,"Back in Time - featured in ""Men In Black 3"""
Back in Time,Work Out
Work Out,Rumour Has It
Rumour Has It,Let's Go (feat. Ne-Yo)
Let's Go,Good Girl
Good Girl,Pontoon
Pontoon,Ho Hey
Ho Hey,Paradise
Paradise,Blown Away
Blown Away,Rolling in the Deep
Rolling in the Deep,Climax
Climax,"Work Hard, Play Hard"
"Work Hard, Play Hard",Let Me Love You (Until You Learn To Love Yourself)
Let Me Love You (Until You Learn to Love Yourself),Pound The Alarm
Pound the Alarm,Come Over
Come Over,Heart Attack
Heart Attack,Drank in My Cup
Drank in My Cup,So Good
Birthday Cake,50 Ways to Say Goodbye
So Good,Red Solo Cup
50 Ways to Say Goodbye,Love You Like A Love Song
Red Solo Cup,Turn Up the Music
Love You like a Love Song,Die Young
Turn Up the Music,5 O'Clock (feat. Lily Allen & Wiz Khalifa)
Die Young,A Thousand Years
5 O'Clock,Take A Little Ride
A Thousand Years,You Da One
Take a Little Ride,We Run The Night
You da One,It's Time
We Run the Night,Cashin' Out
It's Time,I Don't Want This Night To End
Cashin' Out,Diamonds
I Don't Want This Night to End,Hard To Love
Diamonds,Somethin' 'Bout A Truck
Hard to Love,Adorn
Somethin' 'Bout a Truck,Fly Over States
Adorn,Even If It Breaks Your Heart
Fly Over States,BURN IT DOWN
Even If It Breaks Your Heart,Thrift Shop (feat. Wanz)
Burn It Down,Blurred Lines
Thrift Shop,Radioactive
Blurred Lines,Harlem Shake
Radioactive,Can't Hold Us (feat. Ray Dalton)
Harlem Shake,Mirrors - Radio Edit
Can't Hold Us,Just Give Me a Reason (feat. Nate Ruess)
Mirrors,When I Was Your Man
Just Give Me a Reason,Cruise - Remix
When I Was Your Man,Roar
Cruise,Locked out of Heaven
Roar,Ho Hey
Locked Out of Heaven,Stay
Ho Hey,Get Lucky (Radio Edit) [feat. Pharrell Williams and Nile Rodgers]
Stay,Royals
Get Lucky,I Knew You Were Trouble.
Royals,We Can't Stop
I Knew You Were Trouble,Wrecking Ball
We Can't Stop,Wake Me Up
Wrecking Ball,Suit & Tie (feat. Jay-Z)
Wake Me Up,Cups (Pitch Perfect’s “When I’m Gone”) - Pop Version
Suit & Tie,Holy Grail
Cups (Pitch Perfect's When I'm Gone),Scream & Shout
Holy Grail,Clarity
Scream & Shout,Sail
Clarity,Don't You Worry Child - Radio Edit
Sail,Diamonds
Don't You Worry Child,I Love It (feat. Charli XCX)
Diamonds,Safe And Sound
I Love It,Treasure
Safe and Sound,The Way
Treasure,Started From the Bottom
The Way,Come & Get It
Started from the Bottom,"Hold On, We're Going Home"
Come & Get It,Daylight
"Hold On, We're Going Home",Feel This Moment (feat. Christina Aguilera)
Daylight,Applause
Feel This Moment,One More Night
Applause,Love Me
One More Night,My Songs Know What You Did In The Dark (Light Em Up)
Love Me,"F**kin' Problems (feat. Drake, 2 Chainz & Kendrick Lamar)"
My Songs Know What You Did in the Dark (Light Em Up),Beauty And A Beat
Fuckin' Problems,Same Love (feat. Mary Lambert)
Beauty and a Beat,Sweet Nothing (feat. Florence Welch)
Same Love,Summertime Sadness (Lana Del Rey Vs. Cedric Gervais) - Cedric Gervais Remix
Sweet Nothing,Home
Summertime Sadness,It's Time
Home,Power Trip (feat. Miguel)
It's Time,Girl On Fire (feat. Nicki Minaj) - Inferno Version
Power Trip,Heart Attack
Girl on Fire,Love Somebody
Heart Attack,I Will Wait
Love Somebody,Try
I Will Wait,Wagon Wheel
Try,Gangnam Style (강남스타일)
Wagon Wheel,I Need Your Love (feat. Ellie Goulding)
Gangnam Style,Die Young
I Need Your Love,Some Nights
Die Young,Bad (feat. Tiara Thomas)
Some Nights,Boys 'Round Here (feat. Pistol Annies & Friends)
Bad,"Gone, Gone, Gone"
Boys 'Round Here,Demons
"Gone, Gone, Gone",Counting Stars
Demons,I Cry
Counting Stars,Little Talks
I Cry,The Other Side
Little Talks,Berzerk
The Other Side,Catch My Breath
Berzerk,Crash My Party
Catch My Breath,Pour It Up
Crash My Party,22
Pour It Up,I Want Crazy - Encore
22,The Fox (What Does the Fox Say?)
I Want Crazy,Best Song Ever
The Fox (What Does the Fox Say?),The A Team
Best Song Ever,Carry On
The A Team,Highway Don't Care
Carry On,That's My Kind Of Night
Highway Don't Care,Swimming Pools (Drank)
That's My Kind of Night,Sure Be Cool If You Did
Swimming Pools (Drank),#Beautiful
Sure Be Cool If You Did,Troublemaker (feat. Flo Rida)
#Beautiful,Body Party
Troublemaker,Adorn
Body Party,Hall of Fame (feat. will.i.am)
Adorn,Let Me Love You (Until You Learn To Love Yourself)
Hall of Fame,"U.O.E.N.O. (feat. Future, Rick Ross)"
Let Me Love You (Until You Learn to Love Yourself),Next To Me
U.O.E.N.O.,Mama's Broken Heart
Next to Me,It Goes Like This
Mama's Broken Heart,Bugatti
It Goes Like This,Wanted
Bugatti,Downtown
Wanted,Get Your Shine On
Downtown,#thatPOWER
Get Your Shine On,Brave
#thatPower,Let Her Go
Brave,Runnin' Outta Moonlight
Let Her Go,I'm Different
Runnin' Outta Moonlight,Still into You
I'm Different,"Happy - From ""Despicable Me 2"""
Still Into You,Dark Horse
Happy,All of Me
Dark Horse,Fancy
All of Me,Counting Stars
Fancy,Talk Dirty (feat. 2 Chainz)
Counting Stars,Rude
Talk Dirty,All About That Bass
Rude,Problem
All About That Bass,Stay With Me
Problem,Timber (feat. Ke$ha)
Stay with Me,Pompeii
Timber,Shake It Off
Pompeii,Am I Wrong
Shake It Off,Turn Down for What
Am I Wrong,The Monster
Turn Down for What,Say Something
The Monster,Team
Say Something,Let Her Go
Team,Royals
Let Her Go,"Let It Go - From ""Frozen""/Soundtrack Version"
Royals,Wake Me Up
Let It Go,Demons
Wake Me Up,Story of My Life
Demons,Chandelier
Story of My Life,Black Widow
Chandelier,Bang Bang
Black Widow,Latch
Bang Bang,Maps
Latch,Loyal (feat. Lil Wayne & Tyga)
Maps,Best Day Of My Life
Loyal,Habits (Stay High)
Best Day of My Life,Summer
Habits (Stay High),Boom Clap
Summer,Drunk in Love (feat. Jay-Z)
Boom Clap,Anaconda
Drunk in Love,Break Free
Anaconda,Bailando - Spanish Version
Break Free,Burn
Bailando,Wiggle (feat. Snoop Dogg)
Burn,Rather Be (feat. Jess Glynne)
Wiggle,Don't Tell 'Em
Rather Be,Show Me (feat. Chris Brown)
Don't Tell 'Em,Wrecking Ball
Show Me,Not a Bad Thing
Wrecking Ball,Roar
Not a Bad Thing,Ain't It Fun
Roar,The Man
Ain't It Fun,This Is How We Roll
The Man,Classic
This Is How We Roll,A Sky Full of Stars
Classic,Don't
A Sky Full of Stars,Na Na
Don't,Hot N*gga
Na Na,"Hold On, We're Going Home"
Hot Boy,Sing
"Hold On, We're Going Home",Radioactive
Sing,My Nigga
Radioactive,Cool Kids
My Hitta,Hey Brother
Cool Kids,Trumpets
Hey Brother,Animals
Trumpets,Burnin' It Down
Animals,Play It Again
Burnin' It Down,2 On (feat. ScHoolboy Q)
Play It Again,Dirt
2 On,Love Runs Out
Dirt,Bottoms Up
Love Runs Out,Shower
Bottoms Up,Me And My Broken Heart
Shower,Animals
Me and My Broken Heart,Lifestyle
Animals,American Kids
Lifestyle,Brave
American Kids,Sweater Weather
Brave,Leave The Night On
Sweater Weather,New Flame (feat. Usher & Rick Ross)
Leave the Night On,Love Never Felt So Good
New Flame,Drunk On A Plane
Love Never Felt So Good,Birthday
Drunk on a Plane,Bartender
Birthday,La La La
Bartender,Blurred Lines
La La La,Do What U Want
Blurred Lines,Can't Remember to Forget You (feat. Rihanna)
Do What U Want,Amnesia
Can't Remember to Forget You,No Mediocre (feat. Iggy Azalea)
Amnesia,Come with Me Now
No Mediocre,Believe Me
Come with Me Now,23
Believe Me,Beachin'
23,White Walls (feat. ScHoolboy Q & Hollis)
Beachin',She Looks So Perfect
White Walls,Stay The Night - Featuring Hayley Williams Of Paramore
She Looks So Perfect,Partition
Stay the Night,Studio
Partition,0 To 100 / The Catch Up
Studio,I Don't Dance
0 to 100 / The Catch Up,Somethin' Bad (with Carrie Underwood) - Duet with Carrie Underwood [Album]
I Don't Dance,Adore You
Somethin' Bad,Uptown Funk (feat. Bruno Mars)
Adore You,Thinking out Loud
Uptown Funk,See You Again (feat. Charlie Puth)
Thinking Out Loud,Trap Queen
See You Again,Sugar
Trap Queen,Shut Up and Dance
Sugar,Blank Space
Shut Up and Dance,Watch Me (Whip / Nae Nae)
Blank Space,"Earned It (Fifty Shades Of Grey) - From The ""Fifty Shades Of Grey"" Soundtrack"
Watch Me,The Hills
Earned It,Cheerleader (Felix Jaehn Remix) - Radio Edit
The Hills,Can't Feel My Face
Cheerleader (Felix Jaehn Remix),"Love Me Like You Do - From ""Fifty Shades Of Grey"""
Can't Feel My Face,Take Me to Church
Love Me Like You Do,Bad Blood
Take Me to Church,Lean On
Bad Blood,Want to Want Me
Lean On,Shake It Off
Want to Want Me,Where Are Ü Now (with Justin Bieber)
Shake It Off,Fight Song
Where Are Ü Now,679 (feat. Remy Boyz)
Fight Song,Lips Are Movin
679,Worth It (feat. Kid Ink)
Lips Are Movin,Post to Be (feat. Chris Brown & Jhene Aiko)
Worth It,"Honey, I'm Good."
Post to Be,I'm Not The Only One
"Honey, I'm Good.",Good For You
I'm Not the Only One,All About That Bass
Good for You,Style
All About That Bass,Hotline Bling
Style,"Hey Mama (feat. Nicki Minaj, Bebe Rexha & Afrojack)"
Hotline Bling,GDFR (feat. Sage the Gemini & Lookas)
Hey Mama,What Do You Mean?
G.D.F.R.,Photograph
What Do You Mean?,Hello
Photograph,Stitches
Hello,Talking Body
Stitches,Jealous
Talking Body,Time of Our Lives
Jealous,Locked Away (feat. Adam Levine)
Time of Our Lives,Somebody
Locked Away,FourFiveSeconds
Somebody,Centuries
FourFiveSeconds,My Way (feat. Monty)
Centuries,Take Your Time
My Way,Animals
Take Your Time,I Don't Fuck With You
Animals,Bitch Better Have My Money
I Don't Fuck with You,"Flex (Ooh, Ooh, Ooh)"
Bitch Better Have My Money,Nasty Freestyle
"Flex (Ooh, Ooh, Ooh)",Only
Nasty Freestyle,Elastic Heart
Only,Cool for the Summer
Elastic Heart,Renegades
Cool for the Summer,I Don't Mind (feat. Juicy J)
Renegades,Love Me Harder
I Don't Mind,Wildest Dreams
Love Me Harder,Stay With Me
Wildest Dreams,You Know You Like It
Stay with Me,Uma Thurman
You Know You Like It,7/11
Uma Thurman,The Heart Wants What It Wants
7/11,Girl Crush
The Heart Wants What It Wants,Slow Motion
Girl Crush,Drag Me Down
Slow Motion,Truffle Butter
Drag Me Down,One Last Time
Truffle Butter,Chains
One Last Time,All Eyes on You (feat. Chris Brown & Nicki Minaj)
Chains,No Type
All Eyes on You,Riptide
No Type,Classic Man (feat. Roman GianArthur)
Riptide,Ex's & Oh's
Classic Man,Dear Future Husband
Ex's & Oh's,Marvin Gaye (feat. Meghan Trainor)
Dear Future Husband,Like I'm Gonna Lose You (feat. John Legend)
Marvin Gaye,Habits (Stay High)
Like I'm Gonna Lose You,The Hanging Tree
Habits (Stay High),CoCo
The Hanging Tree,Bang Bang
CoCo,Lay Me Down
Bang Bang,Tuesday (feat. Drake)
Lay Me Down,Hit the Quan - Original Version
Tuesday,"Downtown (feat. Melle Mel, Grandmaster Caz, Kool Moe Dee & Eric Nally)"
Hit the Quan,House Party
Downtown,Ayo
House Party,Kick The Dust Up
Ayo,Blessings
Kick the Dust Up,Budapest
Blessings,Chandelier
Budapest,Heartbeat Song
Chandelier,Don't
Heartbeat Song,Ghost
Don't,Here
Ghost,Waves - Robin Schulz Radio Edit
Here,El Perdón - Forgiveness
Waves (Robin Schulz Remix),She Knows
El Perdón,Night Changes
She Knows,Back To Back
Night Changes,How Deep Is Your Love
Back to Back,Love Yourself
How Deep Is Your Love,Sorry
Love Yourself,One Dance
Sorry,Work
One Dance,Stressed Out
Work,Panda
Stressed Out,Hello
Panda,Don't Let Me Down
Hello,"CAN'T STOP THE FEELING! (from DreamWorks Animation's ""TROLLS"")"
Don't Let Me Down,Closer
Can't Stop the Feeling!,Cheap Thrills (feat. Sean Paul)
Closer,7 Years
Cheap Thrills,Needed Me
7 Years,My House
Needed Me,I Took A Pill In Ibiza - Seeb Remix
My House,Work from Home (feat. Ty Dolla $ign)
I Took a Pill in Ibiza,This Is What You Came For
Work from Home,Cake By The Ocean
This Is What You Came For,"Me, Myself & I"
Cake by the Ocean,Ride
"Me, Myself & I",Heathens
Ride,PILLOWTALK
Heathens,Stitches
Pillowtalk,Hotline Bling
Stitches,Cold Water
Hotline Bling,Send My Love (To Your New Lover)
Cold Water,Roses
Send My Love (To Your New Lover),Treat You Better
Roses,Too Good
Treat You Better,Low Life (feat. The Weeknd)
Too Good,What Do You Mean?
Low Life,The Hills
What Do You Mean?,"Just Like Fire (From the Original Motion Picture ""Alice Through The Looking Glass"")"
The Hills,Broccoli (feat. Lil Yachty)
Just Like Fire,Don't
Broccoli,Dangerous Woman
Don't,Jumpman
Dangerous Woman,"i hate u, i love u (feat. olivia o'brien)"
Jumpman,Here
"I Hate U, I Love U",Same Old Love
Here,Controlla
Same Old Love,Like I'm Gonna Lose You (feat. John Legend)
Controlla,One Call Away
Like I'm Gonna Lose You,Let It Go
One Call Away,NO
Let It Go,Never Forget You
No,Let Me Love You
Never Forget You,Don't Mind
Let Me Love You,H.O.L.Y.
Don't Mind,We Don't Talk Anymore (feat. Selena Gomez)
H.O.L.Y.,Into You
We Don't Talk Anymore,Gold
Into You,Exchange
Gold,679 (feat. Remy Boyz)
Exchange,oui
679,Hands To Myself
Oui,2 Phones
Hands to Myself,Starboy
2 Phones,For Free
Starboy,Never Be Like You (feat. Kai)
For Free,In The Night
Never Be Like You,Me Too
In the Night,Ex's & Oh's
Me Too,Die A Happy Man
Ex's & Oh's,White Iverson
Die a Happy Man,Close
White Iverson,Unsteady
Close,"Sucker for Pain (with Wiz Khalifa, Imagine Dragons, Logic & Ty Dolla $ign feat. X Ambassadors)"
Unsteady,Down In the DM (feat. Nicki Minaj) - Remix
Sucker for Pain,LUV
Down in the DM,Sorry
Luv,Can't Feel My Face
Sorry,Hymn for the Weekend - Seeb Remix
Can't Feel My Face,Say It
Hymn for the Weekend,Antidote
Say It,Lost Boy
Antidote,Side To Side
Lost Boy,"Sit Still, Look Pretty"
Side to Side,Wildest Dreams
"Sit Still, Look Pretty",Middle
Wildest Dreams,On My Mind
Middle,Pop Style
On My Mind,When We Were Young
Pop Style,Hide Away
When We Were Young,Lean On
Hide Away,I Know What You Did Last Summer
Lean On,All The Way Up (feat. Infared)
I Know What You Did Last Summer,Watch Me (Whip / Nae Nae)
All the Way Up,Back To Sleep
Watch Me,No Limit (feat. Young Thug)
Back to Sleep,Cut It (feat. Young Dolph)
No Limit,Really Really
Cut It,All In My Head (Flex) (feat. Fetty Wap)
Really Really,Starving
All In My Head (Flex),Adventure of a Lifetime
Starving,Humble And Kind
Adventure of a Lifetime,Wicked
Humble and Kind,Tiimmy Turner
Wicked,See You Again (feat. Charlie Puth)
Tiimmy Turner,Perfect
See You Again,Shape of You
Perfect,Despacito - Remix
Shape of You,That's What I Like
Despacito (Remix),HUMBLE.
That's What I Like,Something Just Like This
Humble,Bad and Boujee (feat. Lil Uzi Vert)
Something Just Like This,Closer
Bad and Boujee,Body Like A Back Road
Closer,Believer
Body Like a Back Road,Congratulations
Believer,Say You Won't Let Go
Congratulations,I'm the One
Say You Won't Let Go,XO Tour Llif3
I'm the One,Mask Off
XO Tour Llif3,Unforgettable
Mask Off,24K Magic
Unforgettable,Stay
24K Magic,Wild Thoughts (feat. Rihanna)
Stay,Black Beatles
Wild Thoughts,Starboy
Black Beatles,Location
Starboy,Attention
Location,There's Nothing Holdin' Me Back
Attention,Bodak Yellow
There's Nothing Holdin' Me Back,Redbone
Bodak Yellow,I Don’t Wanna Live Forever (Fifty Shades Darker)
Redbone,It Ain't Me (with Selena Gomez)
I Don't Wanna Live Forever,iSpy (feat. Lil Yachty)
It Ain't Me,Issues
iSpy,Scars To Your Beautiful
Issues,1-800-273-8255
Scars to Your Beautiful,Slow Hands
1-800-273-8255,Love On The Brain
Slow Hands,I Feel It Coming
Love on the Brain,Bounce Back
I Feel It Coming,Strip That Down
Bounce Back,Fake Love
Strip That Down,Don't Wanna Know (feat. Kendrick Lamar)
Fake Love,Look What You Made Me Do
Don't Wanna Know,Castle on the Hill
Look What You Made Me Do,Bad Things (with Camila Cabello)
Castle on the Hill,Paris
Bad Things,Side To Side
Paris,Rockabye (feat. Sean Paul & Anne-Marie)
Side to Side,Feel It Still
Rockabye,Let Me Love You
Feel It Still,Sorry Not Sorry
Let Me Love You,Bank Account
Sorry Not Sorry,"CAN'T STOP THE FEELING! (from DreamWorks Animation's ""TROLLS"")"
Bank Account,Mi Gente (feat. Beyoncé)
Can't Stop the Feeling!,Thunder
Mi Gente,T-Shirt
Thunder,Rake It Up (feat. Nicki Minaj)
T-Shirt,Mercy
Rake It Up,Tunnel Vision
Mercy,rockstar
Tunnel Vision,In Case You Didn't Know
Rockstar,Heathens
In Case You Didn't Know,Now Or Never
Heathens,Caroline
Now or Never,Rolex
Caroline,DNA.
Rolex,Juju on That Beat (TZ Anthem)
DNA,Swang
Juju on That Beat (TZ Anthem),Passionfruit
Swang,LOYALTY. FEAT. RIHANNA.
Passionfruit,Praying
Loyalty,goosebumps
Praying,Cold (feat. Future)
Goosebumps,Broccoli (feat. Lil Yachty)
Cold,Slide (feat. Frank Ocean & Migos)
Broccoli,What Ifs (feat. Lauren Alaina)
Slide,Chained To The Rhythm
What Ifs,"Feels (feat. Pharrell Williams, Katy Perry & Big Sean)"
Chained to the Rhythm,All Time Low
Feels,Hurricane
All Time Low,Too Good At Goodbyes
Hurricane,Young Dumb & Broke
Too Good at Goodbyes,Magnolia
Young Dumb & Broke,Love Galore (feat. Travis Scott)
Magnolia,Drowning (feat. Kodak Black)
Love Galore,Starving
Drowning,Both (feat. Drake)
Starving,What About Us
Both,Swalla (feat. Nicki Minaj & Ty Dolla $ign)
What About Us,Slippery (feat. Gucci Mane)
Swalla,Sign of the Times
Slippery,Water Under The Bridge
Sign of the Times,Malibu
Water Under the Bridge,Down
Malibu,No Promises (feat. Demi Lovato)
Down,Treat You Better
No Promises,I Get the Bag (feat. Migos)
Treat You Better,Small Town Boy
I Get the Bag,Everyday We Lit (feat. PnB Rock)
Small Town Boy,Havana (feat. Young Thug)
Everyday We Lit,What Lovers Do (feat. SZA)
Havana,do re mi
What Lovers Do,Look At Me!
Do Re Mi,The Fighter
Look at Me!,God's Plan
The Fighter,Perfect
God's Plan,Meant to Be (feat. Florida Georgia Line)
Perfect,Havana (feat. Young Thug)
Meant to Be,rockstar (feat. 21 Savage)
Havana,Psycho (feat. Ty Dolla $ign)
Rockstar,I Like It
Psycho,The Middle
I Like It,In My Feelings
The Middle,Girls Like You (feat. Cardi B) - Cardi B Version
In My Feelings,Nice For What
Girls Like You,Lucid Dreams
Nice for What,Better Now
Lucid Dreams,Finesse - Remix; feat. Cardi B
Better Now,Boo'd Up
Finesse,New Rules
Boo'd Up,SAD!
New Rules,Never Be the Same
Sad!,Love Lies (with Normani)
Never Be the Same,no tears left to cry
Love Lies,Mine
No Tears Left to Cry,Thunder
Mine,Look Alive (feat. Drake)
Thunder,Delicate
Look Alive,Yes Indeed
Delicate,FRIENDS
Yes Indeed,Bad At Love
Friends,Taste (feat. Offset)
Bad at Love,Let You Down
Taste,No Limit
Let You Down,FEFE (feat. Nicki Minaj & Murda Beatz)
No Limit,Tequila
Fefe,Feel It Still
Tequila,MotorSport
Feel It Still,I Like Me Better
MotorSport,Youngblood
I Like Me Better,Whatever It Takes
Youngblood,Ric Flair Drip (with Metro Boomin)
Whatever It Takes,I Fall Apart
Ric Flair Drip,Pray For Me (with Kendrick Lamar)
I Fall Apart,Back To You - From 13 Reasons Why – Season 2 Soundtrack
Pray for Me,SICKO MODE
Back to You,Walk It Talk It
Sicko Mode,Gucci Gang
Walk It Talk It,Him & I (with Halsey)
Gucci Gang,In My Blood
Him & I,All The Stars (with SZA)
In My Blood,Stir Fry
All the Stars,Too Good At Goodbyes
Stir Fry,LOVE. FEAT. ZACARI.
Too Good at Goodbyes,This Is America
Love,Nonstop
This Is America,Heaven
Nonstop,Bodak Yellow
Heaven,Freaky Friday (feat. Chris Brown)
Bodak Yellow,GUMMO
Freaky Friday,Plug Walk
Gummo,Wait
Plug Walk,Be Careful
Wait,Wolves
Be Careful,Bartier Cardi (feat. 21 Savage)
Wolves,God is a woman
Bartier Cardi,"BIG BANK (feat. 2 Chainz, Big Sean, Nicki Minaj)"
God Is a Woman,Sorry Not Sorry
Big Bank,How Long
Sorry Not Sorry,Lights Down Low
How Long,Young Dumb & Broke
Lights Down Low,One Kiss (with Dua Lipa)
Young Dumb & Broke,Natural
One Kiss,You Make It Easy
Natural,Shape of You
You Make It Easy,I Get the Bag (feat. Migos)
Shape of You,No Brainer
I Get the Bag,Plain Jane REMIX (feat. Nicki Minaj)
No Brainer,Sky Walker (feat. Travis Scott)
Plain Jane,Marry Me
Sky Walker,Eastside (with Halsey & Khalid)
Marry Me,Call Out My Name
Eastside,"King's Dead (with Kendrick Lamar, Future & James Blake)"
Call Out My Name,Happier
King's Dead,Te Boté - Remix
Happier,Simple
Te Boté,Lemon
Simple,1-800-273-8255
Lemon,Say Something (feat. Chris Stapleton)
1-800-273-8255,I'm Upset
Say Something,Get Along
I'm Upset,Moonlight
Get Along,What Lovers Do (feat. SZA)
Moonlight,X
What Lovers Do,Outside Today
X,Trip
Outside Today,Dura
Trip,changes
Dura,Mercy
Changes,One Number Away
Mercy,Powerglide (feat. Juicy J) - From SR3MM
One Number Away,IDGAF
Powerglide,Mi Gente (feat. Beyoncé)
IDGAF,Believer
Mi Gente,Old Town Road (feat. Billy Ray Cyrus) - Remix
Believer,Sunflower - Spider-Man: Into the Spider-Verse
Old Town Road,Without Me
Sunflower,bad guy
Without Me,Wow.
Bad Guy,Happier
Wow,7 rings
Happier,Talk (feat. Disclosure)
7 Rings,SICKO MODE
Talk,Sucker
Sicko Mode,High Hopes
Sucker,"thank u, next"
High Hopes,Truth Hurts
"Thank U, Next",Dancing With A Stranger (with Normani)
Truth Hurts,Señorita
Dancing with a Stranger,I Don't Care (with Justin Bieber)
Señorita,Eastside (with Halsey & Khalid)
I Don't Care,Going Bad (feat. Drake)
Eastside,Shallow
Going Bad,Better
Shallow,No Guidance (feat. Drake)
Better,Girls Like You (feat. Cardi B) - Cardi B Version
No Guidance,Sweet but Psycho
Girls Like You,Suge
Sweet but Psycho,MIDDLE CHILD
Suge,Drip Too Hard (Lil Baby & Gunna)
Middle Child,Someone You Loved
Drip Too Hard,Ransom
Someone You Loved,If I Can't Have You
Ransom,Goodbyes (Feat. Young Thug)
If I Can't Have You,ZEZE (feat. Travis Scott & Offset)
Goodbyes,Better Now
Zeze,Youngblood
Better Now,Money In The Grave (Drake ft. Rick Ross)
Youngblood,Speechless
Money in the Grave,"break up with your girlfriend, i'm bored"
Speechless,Please Me
"Break Up with Your Girlfriend, I'm Bored",Money
Please Me,You Need To Calm Down
Money,Panini
You Need to Calm Down,Look Back at It
Panini,a lot
Look Back at It,ME! (feat. Brendon Urie of Panic! At The Disco)
A Lot,MIA (feat. Drake)
Me!,Pop Out (feat. Lil Tjay)
Mia,Beautiful Crazy
Pop Out,Thotiana
Beautiful Crazy,Lucid Dreams
Thotiana,Mo Bamba
Lucid Dreams,Beautiful People (feat. Khalid)
Mo Bamba,Wake Up in the Sky
Beautiful People,Whiskey Glasses
Wake Up in the Sky,God's Country
Whiskey Glasses,Be Alright
God's Country,Pure Water (with Migos)
Be Alright,The Git Up
Pure Water,"Taki Taki (with Selena Gomez, Ozuna & Cardi B)"
The Git Up,Close To Me (with Diplo) (feat. Swae Lee)
Taki Taki,Envy Me
Close to Me,You Say
Envy Me,"Hey Look Ma, I Made It"
You Say,Circles
"Hey Look Ma, I Made It",Beer Never Broke My Heart
Circles,The London (feat. J. Cole & Travis Scott)
Beer Never Broke My Heart,Con Calma - Remix
The London,Murder on My Mind
Con Calma,when the party's over
Murder on My Mind,Act Up
When the Party's Over,I Like It
Act Up,Trampoline
I Like It,Leave Me Alone
Trampoline,breathin
Leave Me Alone,bury a friend
Breathin,Close Friends (Lil Baby & Gunna)
Bury a Friend,Baby Shark
Close Friends,My Type
Baby Shark,Worth It
My Type,Only Human
Worth It,Knockin' Boots
Only Human,Trip
Knockin' Boots,Rumor
Trip,Swervin (feat. 6ix9ine)
Rumor,How Do You Sleep?
Swervin,Baby (Lil Baby feat. DaBaby)
How Do You Sleep?,Look What God Gave Her
Baby,Good as You
Look What God Gave Her,Clout (feat. Cardi B)
Good as You,Love Lies (with Normani)
Clout,One Thing Right
Love Lies,Cash Shit (feat. DaBaby)
One Thing Right,Tequila
Cash Shit,Shotta Flow
Tequila,Hot Girl Summer (feat. Nicki Minaj & Ty Dolla $ign)
Shotta Flow,Talk You Out Of It
Hot Girl Summer,Beautiful (feat. Camila Cabello)
Talk You Out of It,Eyes On You
Beautiful,All To Myself
Eyes on You,boyfriend (with Social House)
All to Myself,Walk Me Home
Boyfriend,Robbery
Walk Me Home,Blinding Lights
Robbery,Circles
Blinding Lights,The Box
Circles,Don't Start Now
The Box,ROCKSTAR (feat. Roddy Ricch)
Don't Start Now,Adore You
Rockstar,Life Is Good (feat. Drake)
Adore You,Memories
Life Is Good,The Bones
Memories,Someone You Loved
The Bones,Say So
Someone You Loved,I Hope (feat. Charlie Puth)
Say So,"WHATS POPPIN (feat. DaBaby, Tory Lanez & Lil Wayne) - Remix"
I Hope,Dance Monkey
Whats Poppin,Savage Remix (feat. Beyoncé)
Dance Monkey,ROXANNE
Savage,Intentions (feat. Quavo)
Roxanne,everything i wanted
Intentions,Roses - Imanbek Remix
Everything I Wanted,Watermelon Sugar
Roses (Imanbek remix),Before You Go
Watermelon Sugar,Falling
Before You Go,"10,000 Hours (with Justin Bieber)"
Falling,WAP (feat. Megan Thee Stallion)
"10,000 Hours",Ballin' (with Roddy Ricch)
WAP,hot girl bummer
Ballin',Blueberry Faygo
Hot Girl Bummer,Heartless
Blueberry Faygo,BOP
Heartless,Lose You To Love Me
Bop,Good as Hell
Lose You to Love Me,Toosie Slide
Good as Hell,Break My Heart
Toosie Slide,Chasin' You
Break My Heart,Savage Love (Laxed - Siren Beat)
Chasin' You,No Guidance (feat. Drake)
Savage Love (Laxed – Siren Beat),My Oh My (feat. DaBaby)
No Guidance,Dynamite
My Oh My,Go Crazy
Dynamite,High Fashion (feat. Mustard)
Go Crazy,Laugh Now Cry Later (feat. Lil Durk)
High Fashion,Woah
Laugh Now Cry Later,death bed (coffee for your head)
Woah,Señorita
Death Bed,HIGHEST IN THE ROOM
Señorita,bad guy
Highest in the Room,Mood (feat. iann dior)
Bad Guy,Rain On Me (with Ariana Grande)
Mood,For The Night (feat. Lil Baby & DaBaby)
Rain on Me,RITMO (Bad Boys For Life)
For the Night,Heart On Ice
Ritmo (Bad Boys for Life),Nobody But You (Duet with Gwen Stefani)
Heart on Ice,Trampoline
Nobody but You,Come & Go (with Marshmello)
Trampoline,Truth Hurts
Come & Go,If the World Was Ending (feat. Julia Michaels)
Truth Hurts,We Paid (feat. 42 Dugg)
If the World Was Ending,Yummy
We Paid,One Man Band
Yummy,Got What I Got
One Man Band,Sunday Best
Got What I Got,Godzilla (feat. Juice WRLD)
Sunday Best,Bandit (with YoungBoy Never Broke Again)
Godzilla,Party Girl
Bandit,Die From A Broken Heart
Party Girl,POPSTAR (feat. Drake)
Die from a Broken Heart,All I Want for Christmas Is You
Popstar,One Of Them Girls
All I Want for Christmas Is You,Hard To Forget
One of Them Girls,One Margarita
Hard to Forget,Panini
One Margarita,Hot (feat. Gunna)
Panini,I Hope You’re Happy Now
Hot,Emotionally Scarred
I Hope You're Happy Now,Suicidal (feat. Juice WRLD) - Remix
Emotionally Scarred,The Bigger Picture
Suicidal,Only Human
The Bigger Picture,The Woo (feat. 50 Cent & Roddy Ricch)
Only Human,Sum 2 Prove
The Woo,Stuck with U (with Justin Bieber)
Sum 2 Prove,Mood Swings (feat. Lil Tjay)
Stuck with U,You should be sad
Mood Swings,Dior
You Should Be Sad,Supalonely
Dior,Even Though I'm Leaving
Supalonely,THE SCOTTS
Even Though I'm Leaving,Juicy
The Scotts,Be Like That - feat. Swae Lee & Khalid
Juicy,Homesick
Be Like That,Rags2Riches (feat. ATR Son Son)
Homesick,Bluebird
Rags2Riches,Wishing Well
Bluebird,Does To Me (feat. Eric Church)
Wishing Well,P*$$Y Fairy (OTW)
Does to Me,ily (i love you baby) (feat. Emilee)
Pussy Fairy (OTW),More Than My Hometown
ILY (I Love You Baby),Lovin' On You
More Than My Hometown,Said Sum
Lovin' on You,Slide
Said Sum,Walk Em Down (feat. Roddy Ricch)
Slide,Levitating (feat. DaBaby)
Walk Em Down,Save Your Tears (with Ariana Grande) (Remix)
Levitating,Blinding Lights
Save Your Tears,Mood (feat. iann dior)
Blinding Lights,good 4 u
Mood,Kiss Me More (feat. SZA)
Good 4 U,Leave The Door Open
Kiss Me More,drivers license
Leave the Door Open,MONTERO (Call Me By Your Name)
Drivers License,Peaches (feat. Daniel Caesar & Giveon)
Montero (Call Me by Your Name),Butter
Peaches,STAY (with Justin Bieber)
Butter,deja vu
Stay,positions
Deja Vu,Bad Habits
Positions,Heat Waves
Bad Habits,WITHOUT YOU
Heat Waves,Forever After All
Without You,Go Crazy
Forever After All,Astronaut In The Ocean
Go Crazy,"34+35 Remix (feat. Doja Cat, Megan Thee Stallion) - Remix"
Astronaut in the Ocean,What You Know Bout Love
34+35,my ex's best friend (with blackbear)
What You Know Bout Love,INDUSTRY BABY (feat. Jack Harlow)
My Ex's Best Friend,Therefore I Am
Industry Baby,Up
Therefore I Am,Fancy Like
Up,DÁKITI
Fancy Like,Best Friend (feat. Doja Cat)
Dakiti,RAPSTAR
Best Friend,Heartbreak Anniversary
Rapstar,For The Night (feat. Lil Baby & DaBaby)
Heartbreak Anniversary,Calling My Phone
For the Night,Beautiful Mistakes (feat. Megan Thee Stallion)
Calling My Phone,Holy (feat. Chance The Rapper)
Beautiful Mistakes,On Me
Holy,you broke me first
On Me,traitor
You Broke Me First,Back in Blood (feat. Lil Durk)
Traitor,I Hope (feat. Charlie Puth)
Back in Blood,Dynamite
I Hope,Wockesha
Dynamite,You Right
Wockesha,Beat Box 2 (feat. Pooh Shiesty)
You Right,Laugh Now Cry Later (feat. Lil Durk)
Beat Box,Need to Know
Laugh Now Cry Later,Wants and Needs (feat. Lil Baby)
Need to Know,Way 2 Sexy (with Future & Young Thug)
Wants and Needs,telepatía
Way 2 Sexy,Whoopty
Telepatía,Lemonade
Whoopty,Good Days
Lemonade,Starting Over
Good Days,Body
Starting Over,willow
Body,Bang!
Willow,Better Together
Bang!,You’re Mines Still (feat. Drake)
Better Together,EVERY CHANCE I GET (feat. Lil Baby & Lil Durk)
You're Mines Still,Essence (feat. Justin Bieber & Tems)
Every Chance I Get,Chasing After You (with Maren Morris)
Essence,The Good Ones
Chasing After You,Leave Before You Love Me (with Jonas Brothers)
The Good Ones,Glad You Exist
Leave Before You Love Me,Lonely (with benny blanco)
Glad You Exist,Beggin'
Lonely,Streets
Beggin',What’s Next
Streets,Famous Friends
What's Next,Lil Bit
Famous Friends,Thot Shit
Lil Bit,late at night
Thot Shit,Kings & Queens
Late at Night,Anyone
Kings & Queens,Track Star
Anyone,Time Today
Track Star,Cry Baby (feat. DaBaby)
Time Today,All I Want for Christmas Is You
Cry Baby,No More Parties
All I Want for Christmas Is You,What’s Your Country Song
No More Parties,One Too Many
What's Your Country Song,Arcade
One Too Many,Yonaguni
Arcade,GOOD TIME
Yonaguni,If I Didn't Love You
Good Time,Knife Talk (with 21 Savage ft. Project Pat)
If I Didn't Love You,pov
Knife Talk,Just the Way
POV,Take My Breath - Single Version
Just the Way,We're Good
Take My Breath,Hell Of A View
We're Good,Rockin' Around The Christmas Tree
Hell of a View,Put Your Records On
Rockin' Around the Christmas Tree,Happier Than Ever
Put Your Records On,Single Saturday Night
Happier Than Ever,Things a Man Oughta Know
Single Saturday Night,Throat Baby (Go Baby)
Things a Man Oughta Know,Tombstone
Throat Baby (Go Baby),Drinkin' Beer. Talkin' God. Amen. (feat. Florida Georgia Line)
Tombstone,Todo De Ti
Drinkin' Beer. Talkin' God. Amen.,Heat Waves
Todo de Ti,As It Was
Heat Waves,STAY (with Justin Bieber)
As It Was,Easy On Me
Stay,Shivers
Easy on Me,First Class
Shivers,Big Energy
First Class,Ghost
Big Energy,Super Gremlin
Ghost,Cold Heart - PNAU Remix
Super Gremlin,WAIT FOR U (feat. Drake & Tems)
Cold Heart (Pnau remix),About Damn Time
Wait for U,Bad Habits
About Damn Time,THATS WHAT I WANT
Bad Habits,Enemy (with JID) - from the series Arcane League of Legends
Thats What I Want,INDUSTRY BABY (feat. Jack Harlow)
Enemy,abcdefu
Industry Baby,Need to Know
ABCDEFU,Wasted On You
Need to Know,Me Porto Bonito
Wasted on You,Woman
Me Porto Bonito,Tití Me Preguntó
Woman,Running Up That Hill (A Deal With God)
Tití Me Preguntó,We Don't Talk About Bruno
Running Up That Hill (A Deal with God),Late Night Talking
We Don't Talk About Bruno,I Like You (A Happier Song) (with Doja Cat)
Late Night Talking,You Proof
I Like You (A Happier Song),Bad Habit
You Proof,Sunroof
Bad Habit,One Right Now (with The Weeknd)
Sunroof,good 4 u
One Right Now,Numb Little Bug
Good 4 U,Jimmy Cooks (feat. 21 Savage)
Numb Little Bug,'Til You Can't
Jimmy Cooks,Fancy Like
'Til You Can't,The Kind of Love We Make
Fancy Like,I Ain't Worried
The Kind of Love We Make,BREAK MY SOUL
I Ain't Worried,Something in the Orange
Break My Soul,Save Your Tears (with Ariana Grande) (Remix)
Something in the Orange,Smokin Out The Window
Save Your Tears,Levitating
Smokin out the Window,In A Minute
Levitating,Moscow Mule
In a Minute,You Right
Moscow Mule,She Had Me At Heads Carolina
You Right,Vegas (From the Original Motion Picture Soundtrack ELVIS)
She Had Me at Heads Carolina,pushin P (feat. Young Thug)
Vegas,Buy Dirt
Pushin P,I Hate U
Buy Dirt,Boyfriend
I Hate U,Glimpse of Us
Boyfriend,Surface Pressure
Glimpse of Us,Fall In Love
Surface Pressure,love nwantiti (ah ah ah)
Fall in Love,Super Freaky Girl
Love Nwantiti (Ah Ah Ah),Hrs & Hrs
Super Freaky Girl,Sand In My Boots
Hrs and Hrs,MAMIII
Sand in My Boots,Knife Talk (with 21 Savage ft. Project Pat)
Mamiii,AA
Knife Talk,Sweetest Pie
AA,PROVENZA
Sweetest Pie,Essence (feat. Justin Bieber & Tems)
Provenza,All I Want for Christmas Is You
Essence,Bam Bam (feat. Ed Sheeran)
All I Want for Christmas Is You,5 Foot 9
Bam Bam,Get Into It (Yuh)
5 Foot 9,Efecto
Get Into It (Yuh),Rock and A Hard Place
Efecto,Doin' This
Rock and a Hard Place,Oh My God
Doin' This,Better Days (NEIKED x Mae Muller x Polo G)
Oh My God,Meet Me At Our Spot
Better Days,Fingers Crossed
Meet Me at Our Spot,All Too Well (10 Minute Version) (Taylor's Version) (From The Vault)
Fingers Crossed,Party
All Too Well (Taylor's Version),Después de la Playa
Party,You Should Probably Leave
Después de la Playa,Rockin' Around The Christmas Tree
You Should Probably Leave,Broadway Girls (feat. Morgan Wallen)
Rockin' Around the Christmas Tree,Take My Name
Broadway Girls,What Happened To Virgil (feat. Gunna)
Take My Name,PUFFIN ON ZOOTIEZ
What Happened to Virgil,Like I Love Country Music
Puffin on Zootiez,Jingle Bell Rock
Like I Love Country Music,Ojitos Lindos
Jingle Bell Rock,Trouble With A Heartbreak
Ojitos Lindos,A Holly Jolly Christmas
Trouble with a Heartbreak,Kiss Me More (feat. SZA)
A Holly Jolly Christmas,She Likes It (feat. Jake Scott)
Kiss Me More,Never Say Never (with Lainey Wilson)
She Likes It,Damn Strait
Never Say Never,she's all i wanna be
Damn Strait,Last Night Lonely
She's All I Wanna Be,Flower Shops (feat. Morgan Wallen)
Last Night Lonely,TO THE MOON
Flower Shops,Unholy (feat. Kim Petras)
To the Moon,One Mississippi
Unholy,Circles Around This Town
One Mississippi,
Circles Around This Town,
